{"fullConnect": {"midLayer": {"yclassNum": 3, "weight": [[1.1758594633060708, -1.0074589896165, -2.8724499179596923], [0.7401163716982403, 0.6747778667105906, -0.23387470567767257], [-4.928502352116222, 0.577019736558794, 3.7173375732382565]], "midInputDataShape": [90, 2]}, "inputLayer": {"weight": [[0.031363208836980176, -0.4726057943905817], [-0.08682398993647064, -1.1404565078444036], [-0.29487709327347145, -0.791662528720112], [0.28445487082672316, 1.9056404966346832], [-0.6874279236838903, 1.417850970177854]], "inputDataShape": [90, 4]}}}